penalty,strategy_name,lambda,eta,m,top_L,alpha,epsilon,inject_prob,ndcg10_mean,ndcg10_std,new_cov_mean,new_cov_std,unique_shown_new_mean,unique_shown_new_std,avg_new_fraction_mean,avg_new_fraction_std,ttf_mean_mean,ttf_mean_std,entropy_stability_mean_mean,entropy_stability_mean_std,entropy_stability_median_mean,entropy_stability_median_std,delta_cov,delta_unique,delta_ttf,delta_ndcg
0.1,Baseline,0.0,0.65,2,50,0.5,0.2,0.2,0.1845074198942781,0.011553364653107604,0.20339841520913807,0.030815726217092835,42.75,5.521548695791789,0.04809500000000001,0.007696588529991714,1857.6095394664069,23.00352357210081,,,,,0.0,0.0,0.0,0.0
0.1,EDE-Smoothed,0.4,0.65,2,50,0.5,0.2,0.2,0.18247435886276595,0.012305835035806756,0.7466950092981346,0.04009736583307658,171.35,3.745330426010501,0.24242500000000003,0.008008550118467139,1434.6688481265599,35.16826081862211,0.012179708380071876,0.00011152273176702414,0.011522519902136683,0.00015355086625897085,0.5432965940889966,128.6,422.94069133984704,-0.0020330610315121567
0.1,EDE-Unsmooth,0.4,0.65,2,50,0.0,0.2,0.2,0.18237055507822347,0.012414719337563081,0.7473523666794245,0.041718970517909605,171.7,3.2726136343907144,0.24315000000000003,0.008179883862256238,1439.149776107822,37.08811089946987,0.013968608688032524,0.0001553063489251342,0.01257738467671366,0.0004785415536675333,0.5439539514702865,128.95,418.45976335858495,-0.002136864816054629
0.1,Random-Injection,0.4,0.65,2,50,0.5,0.2,0.2,0.18426861587474092,0.011619558041235312,0.1969700763277785,0.033106669439182446,45.25,5.402545696243577,0.04832000000000001,0.00764143965493414,1859.385955655712,25.28828983720417,,,,,-0.006428338881359574,2.5,-1.7764161893051096,-0.00023880401953718655
0.1,Epsilon-Greedy,0.4,0.65,2,50,0.5,0.2,0.2,0.17714345587453414,0.011453361469405404,0.25818304521570273,0.03159802549460398,99.95,5.607807058021879,0.05134,0.006941066200519916,1826.9802521204851,22.846659230979743,,,,,0.054784630006564666,57.2,30.62928734592174,-0.007363964019743957
0.15,Baseline,0.0,0.65,2,50,0.5,0.2,0.2,0.18276581858576033,0.011590693381215425,0.10012647615287443,0.022527085873745568,20.65,4.269367634673781,0.022155,0.00520100711401167,1928.0623807055442,17.959838461677993,,,,,0.0,0.0,0.0,0.0
0.15,EDE-Smoothed,0.4,0.65,2,50,0.5,0.2,0.2,0.18265564992090932,0.012145101671062504,0.7392416753845641,0.03421381622641644,172.3,3.4219877264537346,0.21599500000000002,0.006337544871636019,1443.2614366051494,35.02725172606534,0.012217834285627628,9.576243379726744e-05,0.011550886583674268,0.0001488539801509781,0.6391151992316897,151.65,484.8009441003949,-0.00011016866485100141
0.15,EDE-Unsmooth,0.4,0.65,2,50,0.0,0.2,0.2,0.18253052458667646,0.01222298383862777,0.7343380068996772,0.036109095518301625,173.2,3.5298725189445577,0.21647000000000002,0.006753747108087478,1453.0741225826569,39.777075475427466,0.013999137200175427,0.00014851437884392732,0.012688847710741507,0.0004949078777162397,0.6342115307468028,152.54999999999998,474.9882581228874,-0.00023529399908386872
0.15,Random-Injection,0.4,0.65,2,50,0.5,0.2,0.2,0.1825489488284814,0.011649710076638857,0.10313037740591499,0.022710446683974223,22.25,4.537345038676252,0.02224,0.005222298344598859,1926.9154246820574,20.600068595942762,,,,,0.003003901253040564,1.6000000000000014,1.1469560234868368,-0.00021686975727891467
0.15,Epsilon-Greedy,0.4,0.65,2,50,0.5,0.2,0.2,0.17575000353109527,0.011266320967804628,0.12800575741178985,0.03417774245039768,57.15,7.001964010190283,0.024445,0.004857517370015263,1913.6863370328902,25.644526207549266,,,,,0.027879281258915423,36.5,14.376043672654077,-0.007015815054665059
0.2,Baseline,0.0,0.65,2,50,0.5,0.2,0.2,0.18199474339642469,0.0117753533912399,0.04208830268362661,0.018503949724582074,8.7,3.7429934544425802,0.009180000000000002,0.004202927551124336,1970.6914178515513,12.937494532784987,,,,,0.0,0.0,0.0,0.0
0.2,EDE-Smoothed,0.4,0.65,2,50,0.5,0.2,0.2,0.18272572662095155,0.012074013022362733,0.7257143232755803,0.03374236526158042,174.25,3.766629793329841,0.18041000000000001,0.005446916558934967,1458.3195847221116,31.249223937299057,0.012203426018004967,0.00010022730430611508,0.011548923740358036,0.00013582938388703443,0.6836260205919537,165.55,512.3718331294397,0.0007309832245268599
0.2,EDE-Unsmooth,0.4,0.65,2,50,0.0,0.2,0.2,0.18271714249071447,0.01209808741561468,0.713367058352314,0.03770955037011897,174.85,3.4967842369811724,0.18061500000000003,0.005909507170653068,1462.2990977041943,34.62559915361859,0.014001180592307077,0.000138833676959739,0.012718516760876371,0.0004607126426975075,0.6712787556686873,166.15,508.39232014735694,0.0007223990942897829
0.2,Random-Injection,0.4,0.65,2,50,0.5,0.2,0.2,0.18176850048479806,0.011831639876655193,0.04640533892186634,0.020383640274138144,9.2,3.7894590642992836,0.009184999999999999,0.0041918104680436115,1967.3656697641297,16.358511910430426,,,,,0.00431703623823973,0.5,3.325748087421516,-0.0002262429116266229
0.2,Epsilon-Greedy,0.4,0.65,2,50,0.5,0.2,0.2,0.1747039865773151,0.01145778283944825,0.0712225065989955,0.018927210845222336,32.1,5.673623181001713,0.010499999999999999,0.0038047338934543116,1956.3082128930441,12.947923756369146,,,,,0.02913420391536889,23.400000000000002,14.383204958507122,-0.007290756819109595
0.25,Baseline,0.0,0.65,2,50,0.5,0.2,0.2,0.1813218592399014,0.01186527051638561,0.01936673248883799,0.009636037873790828,3.5,1.5329709716755893,0.00352,0.0015648003067484362,1986.734789573168,8.935473449028413,,,,,0.0,0.0,0.0,0.0
0.25,EDE-Smoothed,0.4,0.65,2,50,0.5,0.2,0.2,0.18266573826093999,0.01202013534293458,0.6698971800185127,0.041302145030160886,168.95,4.212778180725873,0.13533,0.005467001006036127,1508.8663615258738,44.18327703103786,0.01200871864135443,9.282670482783979e-05,0.011385978885049459,0.00011365271275048967,0.6505304475296747,165.45,477.8684280472942,0.0013438790210385798
0.25,EDE-Unsmooth,0.4,0.65,2,50,0.0,0.2,0.2,0.182661726279238,0.012117521467055904,0.6685035236588264,0.04538454923947693,169.85,4.089926649709014,0.135465,0.0056339395630411225,1504.5676463822365,39.879438789454504,0.013749004376198118,0.00011033516497019665,0.012200613525458376,0.00020486477129789873,0.6491367911699883,166.35,482.1671431909315,0.0013398670393365841
0.25,Random-Injection,0.4,0.65,2,50,0.5,0.2,0.2,0.18110787040771564,0.011925893779984202,0.018901778939414915,0.01020471991229015,4.0,1.9235384061671346,0.0035499999999999998,0.0015869782607206692,1987.1831761346064,7.859460073887385,,,,,-0.0004649535494230736,0.5,-0.44838656143838307,-0.00021398883218576303
0.25,Epsilon-Greedy,0.4,0.65,2,50,0.5,0.2,0.2,0.1741935469541775,0.011547736290184404,0.031901205949073294,0.012324522253483754,14.55,4.306680856529771,0.004335,0.0015957051732697993,1980.4293391421675,8.585566779789831,,,,,0.012534473460235306,11.05,6.305450431000509,-0.0071283122857239145
0.3,Baseline,0.0,0.65,2,50,0.5,0.2,0.2,0.18099628998905787,0.011960492564538943,0.005450073828111198,0.00495696009496583,1.15,0.9630680142129112,0.001115,0.0009106453755441797,1996.1259537019928,4.322955623078587,,,,,0.0,0.0,0.0,0.0
0.3,EDE-Smoothed,0.4,0.65,2,50,0.5,0.2,0.2,0.18258910678152246,0.011994009666402239,0.5717207258943211,0.0440223883549727,142.8,4.445222154178574,0.08866500000000002,0.005898921511598542,1607.4069406896435,37.4637565579539,0.011781019771541317,0.0001076370948928277,0.011231272837289393,0.00013976711221779217,0.5662706520662099,141.65,388.71901301234925,0.0015928167924645908
0.3,EDE-Unsmooth,0.4,0.65,2,50,0.0,0.2,0.2,0.18255345175757468,0.012047436265260532,0.5767158943647637,0.05098194220179023,142.4,5.171073389539158,0.08880000000000002,0.00598230724720822,1603.626534640547,37.42064690983546,0.013509487561346612,0.00014243550605791812,0.011964856444381609,0.00016557474996387674,0.5712658205366524,141.25,392.4994190614457,0.001557161768516807
0.3,Random-Injection,0.4,0.65,2,50,0.5,0.2,0.2,0.18078012434705193,0.012007471140727938,0.005553426189875601,0.0051041826030641954,1.4,1.2,0.001135,0.0009280490288772464,1996.3093200349297,3.6422089741472257,,,,,0.00010335236176440242,0.25,-0.18336633293688465,-0.0002161656420059388
0.3,Epsilon-Greedy,0.4,0.65,2,50,0.5,0.2,0.2,0.1738680737527243,0.011507878093420115,0.011941667772996472,0.008327804989923089,6.45,2.8368115905008566,0.00153,0.0007969316156358711,1993.3574093352538,5.173445422005462,,,,,0.006491593944885274,5.300000000000001,2.768544366738979,-0.007128216236333557
0.4,Baseline,0.0,0.65,2,50,0.5,0.2,0.2,0.18086156156338545,0.01194685910581604,0.0,0.0,0.1,0.30000000000000004,5.5e-05,0.00016575584454250775,2000.0,0.0,,,,,0.0,0.0,0.0,0.0
0.4,EDE-Smoothed,0.4,0.65,2,50,0.5,0.2,0.2,0.18130346409941686,0.011427749206118372,0.2502502766028649,0.04043145261969346,53.55,6.422421661647575,0.025365,0.0038606055224536993,1859.9850229088238,21.781988886693124,0.012061224579788175,8.512266752487681e-05,0.011486306512244101,0.0001278491951924807,0.2502502766028649,53.449999999999996,140.0149770911762,0.0004419025360314077
0.4,EDE-Unsmooth,0.4,0.65,2,50,0.0,0.2,0.2,0.1812156191580549,0.011462654782895456,0.2513853798387936,0.041414283784440224,53.4,5.986651818838307,0.025410000000000005,0.0037756986108533606,1858.1531517161882,24.164002691890257,0.013821307718407524,0.00017647514382385497,0.012390043476039763,0.0004172307288448136,0.2513853798387936,53.3,141.84684828381182,0.00035405759466944353
0.4,Random-Injection,0.4,0.65,2,50,0.5,0.2,0.2,0.18064644457864762,0.011990700613765866,0.0,0.0,0.15,0.3570714214271425,6.000000000000001e-05,0.00016552945357246846,2000.0,0.0,,,,,0.0,0.04999999999999999,0.0,-0.00021511698473783425
0.4,Epsilon-Greedy,0.4,0.65,2,50,0.5,0.2,0.2,0.17370684921072466,0.01147938423681466,0.001539114627513815,0.0030827409295009944,0.6,0.5830951894845301,7.500000000000001e-05,8.291561975888501e-05,1999.3282602654058,1.6917419167803216,,,,,0.001539114627513815,0.5,0.6717397345942118,-0.007154712352660797
0.6,Baseline,0.0,0.65,2,50,0.5,0.2,0.2,0.18084406584663076,0.0119279244679064,0.0,0.0,0.0,0.0,0.0,0.0,2000.0,0.0,,,,,0.0,0.0,0.0,0.0
0.6,EDE-Smoothed,0.4,0.65,2,50,0.5,0.2,0.2,0.17855985276924308,0.012003432108102053,0.00909713129996222,0.008616011153072997,1.75,1.0897247358851685,0.00046499999999999997,0.0003259984662540608,1995.9794540645169,4.185278836818568,0.012457413237024356,0.00010877906949178893,0.011771073485290629,0.0002021428972066964,0.00909713129996222,1.75,4.020545935483142,-0.0022842130773876868
0.6,EDE-Unsmooth,0.4,0.65,2,50,0.0,0.2,0.2,0.17847988718779265,0.012018889032681857,0.010709590695775408,0.006929156959902052,1.75,0.9937303457175896,0.00046999999999999993,0.0003132091952673165,1995.9706200054777,4.576613806417158,0.014300641026157052,0.00014299179655391557,0.0132713954664937,0.0004789880425146851,0.010709590695775408,1.75,4.029379994522287,-0.0023641786588381175
0.6,Random-Injection,0.4,0.65,2,50,0.5,0.2,0.2,0.18062735834218796,0.011970919567166364,0.0,0.0,0.0,0.0,0.0,0.0,2000.0,0.0,,,,,0.0,0.0,0.0,-0.0002167075044428035
0.6,Epsilon-Greedy,0.4,0.65,2,50,0.5,0.2,0.2,0.17369747496881321,0.011476774160720104,0.0,0.0,0.0,0.0,0.0,0.0,2000.0,0.0,,,,,0.0,0.0,0.0,-0.007146590877817549
0.8,Baseline,0.0,0.65,2,50,0.5,0.2,0.2,0.18084406584663076,0.0119279244679064,0.0,0.0,0.0,0.0,0.0,0.0,2000.0,0.0,,,,,0.0,0.0,0.0,0.0
0.8,EDE-Smoothed,0.4,0.65,2,50,0.5,0.2,0.2,0.17842482395982134,0.01197307589062316,0.0,0.0,0.0,0.0,0.0,0.0,2000.0,0.0,0.012480655845108326,0.00010836418592230295,0.011787707887867056,0.0001993489843624525,0.0,0.0,0.0,-0.00241924188680942
0.8,EDE-Unsmooth,0.4,0.65,2,50,0.0,0.2,0.2,0.17834825290779394,0.011997857495668502,0.0,0.0,0.0,0.0,0.0,0.0,2000.0,0.0,0.014334098360649852,0.0001474970824514646,0.013320051538829356,0.0004678015097588208,0.0,0.0,0.0,-0.0024958129388368278
0.8,Random-Injection,0.4,0.65,2,50,0.5,0.2,0.2,0.18062735834218796,0.011970919567166364,0.0,0.0,0.0,0.0,0.0,0.0,2000.0,0.0,,,,,0.0,0.0,0.0,-0.0002167075044428035
0.8,Epsilon-Greedy,0.4,0.65,2,50,0.5,0.2,0.2,0.17369747496881321,0.011476774160720104,0.0,0.0,0.0,0.0,0.0,0.0,2000.0,0.0,,,,,0.0,0.0,0.0,-0.007146590877817549
